{"header" : {
  "cloc_url"           : "github.com/AlDanial/cloc",
  "cloc_version"       : "1.96",
  "elapsed_seconds"    : 2.62410306930542,
  "n_files"            : 341,
  "n_lines"            : 56840,
  "files_per_second"   : 129.949163959577,
  "lines_per_second"   : 21660.7345438779,
  "report_file"        : "1.4.json"},
"Java" :{
  "nFiles": 341,
  "blank": 6828,
  "comment": 9718,
  "code": 40294},
"SUM": {
  "blank": 6828,
  "comment": 9718,
  "code": 40294,
  "nFiles": 341} }
