{"header" : {
  "cloc_url"           : "github.com/AlDanial/cloc",
  "cloc_version"       : "1.96",
  "elapsed_seconds"    : 1.96583294868469,
  "n_files"            : 282,
  "n_lines"            : 43701,
  "files_per_second"   : 143.450642735784,
  "lines_per_second"   : 22230.2714120443,
  "report_file"        : "1.5.0.json"},
"Java" :{
  "nFiles": 282,
  "blank": 5402,
  "comment": 5070,
  "code": 33229},
"SUM": {
  "blank": 5402,
  "comment": 5070,
  "code": 33229,
  "nFiles": 282} }
