{"header" : {
  "cloc_url"           : "github.com/AlDanial/cloc",
  "cloc_version"       : "1.96",
  "elapsed_seconds"    : 2.77659678459167,
  "n_files"            : 346,
  "n_lines"            : 67426,
  "files_per_second"   : 124.612980148964,
  "lines_per_second"   : 24283.684391688,
  "report_file"        : "1.5.1.json"},
"Java" :{
  "nFiles": 346,
  "blank": 8184,
  "comment": 6980,
  "code": 52262},
"SUM": {
  "blank": 8184,
  "comment": 6980,
  "code": 52262,
  "nFiles": 346} }
