{"header" : {
  "cloc_url"           : "github.com/AlDanial/cloc",
  "cloc_version"       : "1.96",
  "elapsed_seconds"    : 2.01973700523376,
  "n_files"            : 351,
  "n_lines"            : 38643,
  "files_per_second"   : 173.785002250516,
  "lines_per_second"   : 19132.6890084521,
  "report_file"        : "1.5.1.json"},
"Java" :{
  "nFiles": 351,
  "blank": 4943,
  "comment": 4579,
  "code": 29121},
"SUM": {
  "blank": 4943,
  "comment": 4579,
  "code": 29121,
  "nFiles": 351} }
