{"header" : {
  "cloc_url"           : "github.com/AlDanial/cloc",
  "cloc_version"       : "1.96",
  "elapsed_seconds"    : 2.42995715141296,
  "n_files"            : 309,
  "n_lines"            : 58991,
  "files_per_second"   : 127.162736108463,
  "lines_per_second"   : 24276.5597597876,
  "report_file"        : "1.5.0.json"},
"Java" :{
  "nFiles": 309,
  "blank": 7451,
  "comment": 5729,
  "code": 45811},
"SUM": {
  "blank": 7451,
  "comment": 5729,
  "code": 45811,
  "nFiles": 309} }
