{"header" : {
  "cloc_url"           : "github.com/AlDanial/cloc",
  "cloc_version"       : "1.96",
  "elapsed_seconds"    : 1.16665506362915,
  "n_files"            : 501,
  "n_lines"            : 28842,
  "files_per_second"   : 429.43284233604,
  "lines_per_second"   : 24721.9601569982,
  "report_file"        : "1.6.1.json"},
"Java" :{
  "nFiles": 501,
  "blank": 3847,
  "comment": 2027,
  "code": 22968},
"SUM": {
  "blank": 3847,
  "comment": 2027,
  "code": 22968,
  "nFiles": 501} }
