{"header" : {
  "cloc_url"           : "github.com/AlDanial/cloc",
  "cloc_version"       : "1.96",
  "elapsed_seconds"    : 1.35283708572388,
  "n_files"            : 693,
  "n_lines"            : 27241,
  "files_per_second"   : 512.256802620982,
  "lines_per_second"   : 20136.2013855673,
  "report_file"        : "2.0.1.json"},
"Java" :{
  "nFiles": 693,
  "blank": 3584,
  "comment": 1918,
  "code": 21739},
"SUM": {
  "blank": 3584,
  "comment": 1918,
  "code": 21739,
  "nFiles": 693} }
