{"header" : {
  "cloc_url"           : "github.com/AlDanial/cloc",
  "cloc_version"       : "1.96",
  "elapsed_seconds"    : 3.84962916374207,
  "n_files"            : 738,
  "n_lines"            : 138477,
  "files_per_second"   : 191.706777097101,
  "lines_per_second"   : 35971.5167643296,
  "report_file"        : "2.0.1.json"},
"Java" :{
  "nFiles": 738,
  "blank": 14470,
  "comment": 25439,
  "code": 98568},
"SUM": {
  "blank": 14470,
  "comment": 25439,
  "code": 98568,
  "nFiles": 738} }
