{"header" : {
  "cloc_url"           : "github.com/AlDanial/cloc",
  "cloc_version"       : "1.96",
  "elapsed_seconds"    : 2.62762999534607,
  "n_files"            : 367,
  "n_lines"            : 71647,
  "files_per_second"   : 139.669588431405,
  "lines_per_second"   : 27266.7765731468,
  "report_file"        : "2.0.0.json"},
"Java" :{
  "nFiles": 367,
  "blank": 8555,
  "comment": 8320,
  "code": 54772},
"SUM": {
  "blank": 8555,
  "comment": 8320,
  "code": 54772,
  "nFiles": 367} }
