{"header" : {
  "cloc_url"           : "github.com/AlDanial/cloc",
  "cloc_version"       : "1.96",
  "elapsed_seconds"    : 1.59084987640381,
  "n_files"            : 260,
  "n_lines"            : 44754,
  "files_per_second"   : 163.434654555678,
  "lines_per_second"   : 28132.132807634,
  "report_file"        : "2.0.1.json"},
"Java" :{
  "nFiles": 260,
  "blank": 5910,
  "comment": 4918,
  "code": 33926},
"SUM": {
  "blank": 5910,
  "comment": 4918,
  "code": 33926,
  "nFiles": 260} }
