{"header" : {
  "cloc_url"           : "github.com/AlDanial/cloc",
  "cloc_version"       : "1.96",
  "elapsed_seconds"    : 1.50884485244751,
  "n_files"            : 596,
  "n_lines"            : 25916,
  "files_per_second"   : 395.004164300407,
  "lines_per_second"   : 17176.0535604184,
  "report_file"        : "3.0.0.json"},
"Java" :{
  "nFiles": 596,
  "blank": 3408,
  "comment": 1406,
  "code": 21102},
"SUM": {
  "blank": 3408,
  "comment": 1406,
  "code": 21102,
  "nFiles": 596} }
