{"header" : {
  "cloc_url"           : "github.com/AlDanial/cloc",
  "cloc_version"       : "1.96",
  "elapsed_seconds"    : 3.62298393249512,
  "n_files"            : 624,
  "n_lines"            : 115384,
  "files_per_second"   : 172.233719946491,
  "lines_per_second"   : 31847.7813177979,
  "report_file"        : "3.0.0.json"},
"Java" :{
  "nFiles": 624,
  "blank": 12406,
  "comment": 20834,
  "code": 82144},
"SUM": {
  "blank": 12406,
  "comment": 20834,
  "code": 82144,
  "nFiles": 624} }
