{"header" : {
  "cloc_url"           : "github.com/AlDanial/cloc",
  "cloc_version"       : "1.96",
  "elapsed_seconds"    : 1.73032593727112,
  "n_files"            : 286,
  "n_lines"            : 47221,
  "files_per_second"   : 165.286778542457,
  "lines_per_second"   : 27290.2341592774,
  "report_file"        : "3.1.2.json"},
"Java" :{
  "nFiles": 286,
  "blank": 6221,
  "comment": 5767,
  "code": 35233},
"SUM": {
  "blank": 6221,
  "comment": 5767,
  "code": 35233,
  "nFiles": 286} }
