{"header" : {
  "cloc_url"           : "github.com/AlDanial/cloc",
  "cloc_version"       : "1.96",
  "elapsed_seconds"    : 1.2768919467926,
  "n_files"            : 357,
  "n_lines"            : 26599,
  "files_per_second"   : 279.585129263867,
  "lines_per_second"   : 20831.0500092145,
  "report_file"        : "3.1.0.json"},
"Java" :{
  "nFiles": 357,
  "blank": 3388,
  "comment": 1569,
  "code": 21642},
"SUM": {
  "blank": 3388,
  "comment": 1569,
  "code": 21642,
  "nFiles": 357} }
