{"header" : {
  "cloc_url"           : "github.com/AlDanial/cloc",
  "cloc_version"       : "1.96",
  "elapsed_seconds"    : 1.55154609680176,
  "n_files"            : 308,
  "n_lines"            : 49656,
  "files_per_second"   : 198.511665644281,
  "lines_per_second"   : 32004.2054195858,
  "report_file"        : "3.1.0.json"},
"Java" :{
  "nFiles": 308,
  "blank": 6440,
  "comment": 6193,
  "code": 37023},
"SUM": {
  "blank": 6440,
  "comment": 6193,
  "code": 37023,
  "nFiles": 308} }
