{"header" : {
  "cloc_url"           : "github.com/AlDanial/cloc",
  "cloc_version"       : "1.96",
  "elapsed_seconds"    : 4.43948578834534,
  "n_files"            : 1101,
  "n_lines"            : 192327,
  "files_per_second"   : 248.001694901328,
  "lines_per_second"   : 43321.9091510333,
  "report_file"        : "3.1.1.json"},
"Java" :{
  "nFiles": 1101,
  "blank": 19304,
  "comment": 38930,
  "code": 134093},
"SUM": {
  "blank": 19304,
  "comment": 38930,
  "code": 134093,
  "nFiles": 1101} }
