{"header" : {
  "cloc_url"           : "github.com/AlDanial/cloc",
  "cloc_version"       : "1.96",
  "elapsed_seconds"    : 5.23744416236877,
  "n_files"            : 1494,
  "n_lines"            : 234844,
  "files_per_second"   : 285.253637782803,
  "lines_per_second"   : 44839.4279193204,
  "report_file"        : "3.1.2.json"},
"Java" :{
  "nFiles": 1494,
  "blank": 24963,
  "comment": 42521,
  "code": 167360},
"SUM": {
  "blank": 24963,
  "comment": 42521,
  "code": 167360,
  "nFiles": 1494} }
