{"header" : {
  "cloc_url"           : "github.com/AlDanial/cloc",
  "cloc_version"       : "1.96",
  "elapsed_seconds"    : 3.78221821784973,
  "n_files"            : 731,
  "n_lines"            : 136551,
  "files_per_second"   : 193.272825071312,
  "lines_per_second"   : 36103.416602343,
  "report_file"        : "3.1.0.json"},
"Java" :{
  "nFiles": 731,
  "blank": 14279,
  "comment": 25159,
  "code": 97113},
"SUM": {
  "blank": 14279,
  "comment": 25159,
  "code": 97113,
  "nFiles": 731} }
