{"header" : {
  "cloc_url"           : "github.com/AlDanial/cloc",
  "cloc_version"       : "1.96",
  "elapsed_seconds"    : 1.72493815422058,
  "n_files"            : 308,
  "n_lines"            : 49656,
  "files_per_second"   : 178.557126379508,
  "lines_per_second"   : 28787.1190503275,
  "report_file"        : "3.2.1.json"},
"Java" :{
  "nFiles": 308,
  "blank": 6440,
  "comment": 6193,
  "code": 37023},
"SUM": {
  "blank": 6440,
  "comment": 6193,
  "code": 37023,
  "nFiles": 308} }
