{"header" : {
  "cloc_url"           : "github.com/AlDanial/cloc",
  "cloc_version"       : "1.96",
  "elapsed_seconds"    : 5.24647212028503,
  "n_files"            : 1488,
  "n_lines"            : 234358,
  "files_per_second"   : 283.619157003956,
  "lines_per_second"   : 44669.6360195787,
  "report_file"        : "3.2.2.json"},
"Java" :{
  "nFiles": 1488,
  "blank": 24896,
  "comment": 42712,
  "code": 166750},
"SUM": {
  "blank": 24896,
  "comment": 42712,
  "code": 166750,
  "nFiles": 1488} }
