{"header" : {
  "cloc_url"           : "github.com/AlDanial/cloc",
  "cloc_version"       : "1.96",
  "elapsed_seconds"    : 1.29733896255493,
  "n_files"            : 307,
  "n_lines"            : 38428,
  "files_per_second"   : 236.638233230432,
  "lines_per_second"   : 29620.6320084007,
  "report_file"        : "3.2.0.json"},
"Java" :{
  "nFiles": 307,
  "blank": 5189,
  "comment": 5423,
  "code": 27816},
"SUM": {
  "blank": 5189,
  "comment": 5423,
  "code": 27816,
  "nFiles": 307} }
