{"header" : {
  "cloc_url"           : "github.com/AlDanial/cloc",
  "cloc_version"       : "1.96",
  "elapsed_seconds"    : 1.08071303367615,
  "n_files"            : 192,
  "n_lines"            : 36522,
  "files_per_second"   : 177.66048341889,
  "lines_per_second"   : 33794.3550803371,
  "report_file"        : "3.2.2.json"},
"Java" :{
  "nFiles": 192,
  "blank": 4795,
  "comment": 3552,
  "code": 28175},
"SUM": {
  "blank": 4795,
  "comment": 3552,
  "code": 28175,
  "nFiles": 192} }
