{"header" : {
  "cloc_url"           : "github.com/AlDanial/cloc",
  "cloc_version"       : "1.96",
  "elapsed_seconds"    : 4.34168100357056,
  "n_files"            : 1004,
  "n_lines"            : 176799,
  "files_per_second"   : 231.24683715232,
  "lines_per_second"   : 40721.3242646344,
  "report_file"        : "3.2.1.json"},
"Java" :{
  "nFiles": 1004,
  "blank": 18166,
  "comment": 37504,
  "code": 121129},
"SUM": {
  "blank": 18166,
  "comment": 37504,
  "code": 121129,
  "nFiles": 1004} }
