{"header" : {
  "cloc_url"           : "github.com/AlDanial/cloc",
  "cloc_version"       : "1.96",
  "elapsed_seconds"    : 5.27856302261353,
  "n_files"            : 1547,
  "n_lines"            : 246298,
  "files_per_second"   : 293.072185246743,
  "lines_per_second"   : 46660.0472410487,
  "report_file"        : "3.3.0.json"},
"Java" :{
  "nFiles": 1547,
  "blank": 25609,
  "comment": 46847,
  "code": 173842},
"SUM": {
  "blank": 25609,
  "comment": 46847,
  "code": 173842,
  "nFiles": 1547} }
