{"header" : {
  "cloc_url"           : "github.com/AlDanial/cloc",
  "cloc_version"       : "1.96",
  "elapsed_seconds"    : 1.87709498405457,
  "n_files"            : 436,
  "n_lines"            : 69736,
  "files_per_second"   : 232.27380804046,
  "lines_per_second"   : 37151.0235722695,
  "report_file"        : "3.3.2.json"},
"Java" :{
  "nFiles": 436,
  "blank": 8913,
  "comment": 8352,
  "code": 52471},
"SUM": {
  "blank": 8913,
  "comment": 8352,
  "code": 52471,
  "nFiles": 436} }
