{"header" : {
  "cloc_url"           : "github.com/AlDanial/cloc",
  "cloc_version"       : "1.96",
  "elapsed_seconds"    : 1.32006192207336,
  "n_files"            : 118,
  "n_lines"            : 29746,
  "files_per_second"   : 89.3897460618078,
  "lines_per_second"   : 22533.7914097842,
  "report_file"        : "3.3.1.json"},
"Java" :{
  "nFiles": 118,
  "blank": 3844,
  "comment": 2240,
  "code": 23662},
"SUM": {
  "blank": 3844,
  "comment": 2240,
  "code": 23662,
  "nFiles": 118} }
