{"header" : {
  "cloc_url"           : "github.com/AlDanial/cloc",
  "cloc_version"       : "1.96",
  "elapsed_seconds"    : 5.4671630859375,
  "n_files"            : 1591,
  "n_lines"            : 253232,
  "files_per_second"   : 291.010159197982,
  "lines_per_second"   : 46318.7207002032,
  "report_file"        : "3.3.1.json"},
"Java" :{
  "nFiles": 1591,
  "blank": 26343,
  "comment": 47552,
  "code": 179337},
"SUM": {
  "blank": 26343,
  "comment": 47552,
  "code": 179337,
  "nFiles": 1591} }
