{"header" : {
  "cloc_url"           : "github.com/AlDanial/cloc",
  "cloc_version"       : "1.96",
  "elapsed_seconds"    : 7.25080800056458,
  "n_files"            : 1765,
  "n_lines"            : 289330,
  "files_per_second"   : 243.421146975974,
  "lines_per_second"   : 39903.1390677386,
  "report_file"        : "3.3.2.json"},
"Java" :{
  "nFiles": 1765,
  "blank": 30699,
  "comment": 51763,
  "code": 206868},
"SUM": {
  "blank": 30699,
  "comment": 51763,
  "code": 206868,
  "nFiles": 1765} }
