{"header" : {
  "cloc_url"           : "github.com/AlDanial/cloc",
  "cloc_version"       : "1.96",
  "elapsed_seconds"    : 2.01374006271362,
  "n_files"            : 436,
  "n_lines"            : 69736,
  "files_per_second"   : 216.512551978763,
  "lines_per_second"   : 34630.0901944747,
  "report_file"        : "3.3.0.json"},
"Java" :{
  "nFiles": 436,
  "blank": 8913,
  "comment": 8352,
  "code": 52471},
"SUM": {
  "blank": 8913,
  "comment": 8352,
  "code": 52471,
  "nFiles": 436} }
