{"header" : {
  "cloc_url"           : "github.com/AlDanial/cloc",
  "cloc_version"       : "1.96",
  "elapsed_seconds"    : 5.37138700485229,
  "n_files"            : 1591,
  "n_lines"            : 253232,
  "files_per_second"   : 296.199100635042,
  "lines_per_second"   : 47144.6201458283,
  "report_file"        : "3.4.2.json"},
"Java" :{
  "nFiles": 1591,
  "blank": 26343,
  "comment": 47552,
  "code": 179337},
"SUM": {
  "blank": 26343,
  "comment": 47552,
  "code": 179337,
  "nFiles": 1591} }
