{"header" : {
  "cloc_url"           : "github.com/AlDanial/cloc",
  "cloc_version"       : "1.96",
  "elapsed_seconds"    : 1.14801788330078,
  "n_files"            : 197,
  "n_lines"            : 36919,
  "files_per_second"   : 171.600114306221,
  "lines_per_second"   : 32158.9067008699,
  "report_file"        : "3.4.2.json"},
"Java" :{
  "nFiles": 197,
  "blank": 4837,
  "comment": 3552,
  "code": 28530},
"SUM": {
  "blank": 4837,
  "comment": 3552,
  "code": 28530,
  "nFiles": 197} }
