{"header" : {
  "cloc_url"           : "github.com/AlDanial/cloc",
  "cloc_version"       : "1.96",
  "elapsed_seconds"    : 1.10380101203918,
  "n_files"            : 196,
  "n_lines"            : 36863,
  "files_per_second"   : 177.568237265796,
  "lines_per_second"   : 33396.4180118829,
  "report_file"        : "3.4.1.json"},
"Java" :{
  "nFiles": 196,
  "blank": 4830,
  "comment": 3552,
  "code": 28481},
"SUM": {
  "blank": 4830,
  "comment": 3552,
  "code": 28481,
  "nFiles": 196} }
