{"header" : {
  "cloc_url"           : "github.com/AlDanial/cloc",
  "cloc_version"       : "1.96",
  "elapsed_seconds"    : 1.91647791862488,
  "n_files"            : 388,
  "n_lines"            : 61803,
  "files_per_second"   : 202.454719790562,
  "lines_per_second"   : 32248.219193856,
  "report_file"        : "3.4.0.json"},
"Java" :{
  "nFiles": 388,
  "blank": 7871,
  "comment": 7553,
  "code": 46379},
"SUM": {
  "blank": 7871,
  "comment": 7553,
  "code": 46379,
  "nFiles": 388} }
