{"header" : {
  "cloc_url"           : "github.com/AlDanial/cloc",
  "cloc_version"       : "1.96",
  "elapsed_seconds"    : 5.33012700080872,
  "n_files"            : 1458,
  "n_lines"            : 229157,
  "files_per_second"   : 273.53944845569,
  "lines_per_second"   : 42992.7842179428,
  "report_file"        : "3.4.0.json"},
"Java" :{
  "nFiles": 1458,
  "blank": 24361,
  "comment": 42261,
  "code": 162535},
"SUM": {
  "blank": 24361,
  "comment": 42261,
  "code": 162535,
  "nFiles": 1458} }
