{"header" : {
  "cloc_url"           : "github.com/AlDanial/cloc",
  "cloc_version"       : "1.96",
  "elapsed_seconds"    : 1.91585206985474,
  "n_files"            : 436,
  "n_lines"            : 69736,
  "files_per_second"   : 227.574981837224,
  "lines_per_second"   : 36399.4700307355,
  "report_file"        : "v4.0.1.json"},
"Java" :{
  "nFiles": 436,
  "blank": 8913,
  "comment": 8352,
  "code": 52471},
"SUM": {
  "blank": 8913,
  "comment": 8352,
  "code": 52471,
  "nFiles": 436} }
