{"header" : {
  "cloc_url"           : "github.com/AlDanial/cloc",
  "cloc_version"       : "1.96",
  "elapsed_seconds"    : 1.19491696357727,
  "n_files"            : 192,
  "n_lines"            : 36522,
  "files_per_second"   : 160.680621208357,
  "lines_per_second"   : 30564.4669154772,
  "report_file"        : "v4.0.1.json"},
"Java" :{
  "nFiles": 192,
  "blank": 4795,
  "comment": 3552,
  "code": 28175},
"SUM": {
  "blank": 4795,
  "comment": 3552,
  "code": 28175,
  "nFiles": 192} }
