{"header" : {
  "cloc_url"           : "github.com/AlDanial/cloc",
  "cloc_version"       : "1.96",
  "elapsed_seconds"    : 7.20680618286133,
  "n_files"            : 1765,
  "n_lines"            : 289330,
  "files_per_second"   : 244.907377167626,
  "lines_per_second"   : 40146.77135179,
  "report_file"        : "v4.0.1.json"},
"Java" :{
  "nFiles": 1765,
  "blank": 30699,
  "comment": 51763,
  "code": 206868},
"SUM": {
  "blank": 30699,
  "comment": 51763,
  "code": 206868,
  "nFiles": 1765} }
