{"header" : {
  "cloc_url"           : "github.com/AlDanial/cloc",
  "cloc_version"       : "1.96",
  "elapsed_seconds"    : 7.3118691444397,
  "n_files"            : 1765,
  "n_lines"            : 289330,
  "files_per_second"   : 241.388346144322,
  "lines_per_second"   : 39569.9094560548,
  "report_file"        : "v4.0.0.json"},
"Java" :{
  "nFiles": 1765,
  "blank": 30699,
  "comment": 51763,
  "code": 206868},
"SUM": {
  "blank": 30699,
  "comment": 51763,
  "code": 206868,
  "nFiles": 1765} }
