{"header" : {
  "cloc_url"           : "github.com/AlDanial/cloc",
  "cloc_version"       : "1.96",
  "elapsed_seconds"    : 6.8955500125885,
  "n_files"            : 1706,
  "n_lines"            : 277776,
  "files_per_second"   : 247.405935260498,
  "lines_per_second"   : 40283.3710861197,
  "report_file"        : "v4.0.2.json"},
"Java" :{
  "nFiles": 1706,
  "blank": 29722,
  "comment": 51415,
  "code": 196639},
"SUM": {
  "blank": 29722,
  "comment": 51415,
  "code": 196639,
  "nFiles": 1706} }
