{"header" : {
  "cloc_url"           : "github.com/AlDanial/cloc",
  "cloc_version"       : "1.96",
  "elapsed_seconds"    : 1.09089303016663,
  "n_files"            : 197,
  "n_lines"            : 36919,
  "files_per_second"   : 180.585991983018,
  "lines_per_second"   : 33842.9149138123,
  "report_file"        : "v4.0.2.json"},
"Java" :{
  "nFiles": 197,
  "blank": 4837,
  "comment": 3552,
  "code": 28530},
"SUM": {
  "blank": 4837,
  "comment": 3552,
  "code": 28530,
  "nFiles": 197} }
