{"header" : {
  "cloc_url"           : "github.com/AlDanial/cloc",
  "cloc_version"       : "1.96",
  "elapsed_seconds"    : 1.83860802650452,
  "n_files"            : 436,
  "n_lines"            : 69736,
  "files_per_second"   : 237.135916799463,
  "lines_per_second"   : 37928.6933346958,
  "report_file"        : "v4.0.0.json"},
"Java" :{
  "nFiles": 436,
  "blank": 8913,
  "comment": 8352,
  "code": 52471},
"SUM": {
  "blank": 8913,
  "comment": 8352,
  "code": 52471,
  "nFiles": 436} }
