{"header" : {
  "cloc_url"           : "github.com/AlDanial/cloc",
  "cloc_version"       : "1.96",
  "elapsed_seconds"    : 7.02869892120361,
  "n_files"            : 1765,
  "n_lines"            : 289330,
  "files_per_second"   : 251.113331185021,
  "lines_per_second"   : 41164.0907148793,
  "report_file"        : "v4.1.1.json"},
"Java" :{
  "nFiles": 1765,
  "blank": 30699,
  "comment": 51763,
  "code": 206868},
"SUM": {
  "blank": 30699,
  "comment": 51763,
  "code": 206868,
  "nFiles": 1765} }
