{"header" : {
  "cloc_url"           : "github.com/AlDanial/cloc",
  "cloc_version"       : "1.96",
  "elapsed_seconds"    : 7.21462392807007,
  "n_files"            : 1765,
  "n_lines"            : 289330,
  "files_per_second"   : 244.641996256088,
  "lines_per_second"   : 40103.2684287671,
  "report_file"        : "v4.1.0.json"},
"Java" :{
  "nFiles": 1765,
  "blank": 30699,
  "comment": 51763,
  "code": 206868},
"SUM": {
  "blank": 30699,
  "comment": 51763,
  "code": 206868,
  "nFiles": 1765} }
