{"header" : {
  "cloc_url"           : "github.com/AlDanial/cloc",
  "cloc_version"       : "1.96",
  "elapsed_seconds"    : 1.18159198760986,
  "n_files"            : 197,
  "n_lines"            : 36919,
  "files_per_second"   : 166.724217890554,
  "lines_per_second"   : 31245.1340116821,
  "report_file"        : "v4.1.1.json"},
"Java" :{
  "nFiles": 197,
  "blank": 4837,
  "comment": 3552,
  "code": 28530},
"SUM": {
  "blank": 4837,
  "comment": 3552,
  "code": 28530,
  "nFiles": 197} }
