{"header" : {
  "cloc_url"           : "github.com/AlDanial/cloc",
  "cloc_version"       : "1.96",
  "elapsed_seconds"    : 1.70203113555908,
  "n_files"            : 436,
  "n_lines"            : 69736,
  "files_per_second"   : 256.164526541862,
  "lines_per_second"   : 40972.2234470718,
  "report_file"        : "v4.2.2.json"},
"Java" :{
  "nFiles": 436,
  "blank": 8913,
  "comment": 8352,
  "code": 52471},
"SUM": {
  "blank": 8913,
  "comment": 8352,
  "code": 52471,
  "nFiles": 436} }
