{"header" : {
  "cloc_url"           : "github.com/AlDanial/cloc",
  "cloc_version"       : "1.96",
  "elapsed_seconds"    : 7.26435303688049,
  "n_files"            : 1765,
  "n_lines"            : 289330,
  "files_per_second"   : 242.967266463957,
  "lines_per_second"   : 39828.7360940605,
  "report_file"        : "v4.2.0.json"},
"Java" :{
  "nFiles": 1765,
  "blank": 30699,
  "comment": 51763,
  "code": 206868},
"SUM": {
  "blank": 30699,
  "comment": 51763,
  "code": 206868,
  "nFiles": 1765} }
