{"header" : {
  "cloc_url"           : "github.com/AlDanial/cloc",
  "cloc_version"       : "1.96",
  "elapsed_seconds"    : 1.80535483360291,
  "n_files"            : 436,
  "n_lines"            : 69736,
  "files_per_second"   : 241.503770829297,
  "lines_per_second"   : 38627.3095471373,
  "report_file"        : "v4.2.0.json"},
"Java" :{
  "nFiles": 436,
  "blank": 8913,
  "comment": 8352,
  "code": 52471},
"SUM": {
  "blank": 8913,
  "comment": 8352,
  "code": 52471,
  "nFiles": 436} }
