{"header" : {
  "cloc_url"           : "github.com/AlDanial/cloc",
  "cloc_version"       : "1.96",
  "elapsed_seconds"    : 1.78103995323181,
  "n_files"            : 436,
  "n_lines"            : 69736,
  "files_per_second"   : 244.800796977547,
  "lines_per_second"   : 39154.6522431794,
  "report_file"        : "v4.2.1.json"},
"Java" :{
  "nFiles": 436,
  "blank": 8913,
  "comment": 8352,
  "code": 52471},
"SUM": {
  "blank": 8913,
  "comment": 8352,
  "code": 52471,
  "nFiles": 436} }
