{"header" : {
  "cloc_url"           : "github.com/AlDanial/cloc",
  "cloc_version"       : "1.96",
  "elapsed_seconds"    : 1.11844396591187,
  "n_files"            : 257,
  "n_lines"            : 43668,
  "files_per_second"   : 229.783527680324,
  "lines_per_second"   : 39043.5295204061,
  "report_file"        : "v4.2.0.json"},
"Java" :{
  "nFiles": 257,
  "blank": 5732,
  "comment": 4980,
  "code": 32956},
"SUM": {
  "blank": 5732,
  "comment": 4980,
  "code": 32956,
  "nFiles": 257} }
