{"header" : {
  "cloc_url"           : "github.com/AlDanial/cloc",
  "cloc_version"       : "1.96",
  "elapsed_seconds"    : 1.33684802055359,
  "n_files"            : 436,
  "n_lines"            : 69736,
  "files_per_second"   : 326.140289170232,
  "lines_per_second"   : 52164.4935907691,
  "report_file"        : "v4.2.1.json"},
"Java" :{
  "nFiles": 436,
  "blank": 8913,
  "comment": 8352,
  "code": 52471},
"SUM": {
  "blank": 8913,
  "comment": 8352,
  "code": 52471,
  "nFiles": 436} }
