{"header" : {
  "cloc_url"           : "github.com/AlDanial/cloc",
  "cloc_version"       : "1.96",
  "elapsed_seconds"    : 1.34844398498535,
  "n_files"            : 436,
  "n_lines"            : 69736,
  "files_per_second"   : 323.335640823624,
  "lines_per_second"   : 51715.9042396244,
  "report_file"        : "v4.3.1.json"},
"Java" :{
  "nFiles": 436,
  "blank": 8913,
  "comment": 8352,
  "code": 52471},
"SUM": {
  "blank": 8913,
  "comment": 8352,
  "code": 52471,
  "nFiles": 436} }
