{"header" : {
  "cloc_url"           : "github.com/AlDanial/cloc",
  "cloc_version"       : "1.96",
  "elapsed_seconds"    : 1.78593611717224,
  "n_files"            : 436,
  "n_lines"            : 69736,
  "files_per_second"   : 244.129672840896,
  "lines_per_second"   : 39047.3093239283,
  "report_file"        : "v4.4.1.json"},
"Java" :{
  "nFiles": 436,
  "blank": 8913,
  "comment": 8352,
  "code": 52471},
"SUM": {
  "blank": 8913,
  "comment": 8352,
  "code": 52471,
  "nFiles": 436} }
