{"header" : {
  "cloc_url"           : "github.com/AlDanial/cloc",
  "cloc_version"       : "1.96",
  "elapsed_seconds"    : 1.80075597763062,
  "n_files"            : 436,
  "n_lines"            : 69736,
  "files_per_second"   : 242.120534606625,
  "lines_per_second"   : 38725.9578012101,
  "report_file"        : "v4.4.2.json"},
"Java" :{
  "nFiles": 436,
  "blank": 8913,
  "comment": 8352,
  "code": 52471},
"SUM": {
  "blank": 8913,
  "comment": 8352,
  "code": 52471,
  "nFiles": 436} }
