{"header" : {
  "cloc_url"           : "github.com/AlDanial/cloc",
  "cloc_version"       : "1.96",
  "elapsed_seconds"    : 1.38767218589783,
  "n_files"            : 436,
  "n_lines"            : 69736,
  "files_per_second"   : 314.195243250413,
  "lines_per_second"   : 50253.9437690615,
  "report_file"        : "v4.4.1.json"},
"Java" :{
  "nFiles": 436,
  "blank": 8913,
  "comment": 8352,
  "code": 52471},
"SUM": {
  "blank": 8913,
  "comment": 8352,
  "code": 52471,
  "nFiles": 436} }
