{"header" : {
  "cloc_url"           : "github.com/AlDanial/cloc",
  "cloc_version"       : "1.96",
  "elapsed_seconds"    : 6.92204689979553,
  "n_files"            : 1765,
  "n_lines"            : 289330,
  "files_per_second"   : 254.982381013936,
  "lines_per_second"   : 41798.3299143128,
  "report_file"        : "v4.4.2.json"},
"Java" :{
  "nFiles": 1765,
  "blank": 30699,
  "comment": 51763,
  "code": 206868},
"SUM": {
  "blank": 30699,
  "comment": 51763,
  "code": 206868,
  "nFiles": 1765} }
